protein_name,gene_names,chr,start,end,ADSP,LS-imp IGAP,LS-imp EADB,AD Proxy,LS-imp Combined,TWAS-L,TWAS-LQ
APOC1,Apolipoprotein C-I,19,45417504,45422606,2.42255666813018e-05,1.22505132704731e-07,0.0237604929134801,1.50605809265958e-05,3.64548229436767e-07,7.21449386891076e-07,8.78893720539253e-14
APOE,Apolipoprotein E,19,45409011,45412650,0,0,0,0,0,2.07253801374891e-44,6.16013391982864e-45
BCAM,Basal cell adhesion molecule,19,45312328,45324673,9.62121983029141e-05,0.0913673115118983,0.556452725196041,2.43487652262786e-09,7.30462945686128e-09,4.00830284678954e-08,6.00940621676455e-24
CA13,Carbonic anhydrase 13,8,86132816,86196302,0.347347154581679,0.007410807477856,0.00276667266885006,0.00150984991758013,0.00258913608173761,0.0007010101527888,3.27053756672383e-07
CHMP1A,Charged multivesicular body protein 1a,16,89710839,89724253,0.0948869195144046,0.0163678591843962,0.0104420511150439,0.018188245479115,0.0141620149089533,0.0033203643262669,8.44111132988234e-06
CR1,Complement receptor type 1,1,207669492,207813992,0.00472644997480004,5.20633275130633e-06,1.47181482271774e-05,0.0011479304954039,1.14991769528117e-05,2.00411764015716e-06,9.80614648912861e-06
RARRES2,Retinoic acid receptor responder protein 2,7,150035408,150038763,0.004798182142358,4.68010797216589e-05,0.00150452104213716,9.01918595364037e-10,2.70570210680887e-09,0.0008329504481066,0.0037538000164749
TNFSF14,Tumor necrosis factor ligand superfamily member 14,19,6663148,6670599,0.105892069023643,2.71931169402717e-05,0.865908780688,0.00797538945914444,8.13176479153022e-05,0.6852857007537,0.0280642524017871
